Species2,Common_name,Confirmed
Abantennarius sanguineus,"Ranisapo panza manchada, Ranisapo sangrón, Ranisapo sanguíneo",*
Ablennes hians,Agujón sable,*
Aboma etheostoma,"Gobio escamoso, Gobio líneas punteadas",*
Abudefduf declivifrons,"Petaca mexicana, Pintaño roquero",*
Abudefduf troschelii,"Pintaño amarillo, Petaca banderita, Petaca chopa",*
Acanthemblemaria balanorum,Trambollín-cirripedio espinudo,*
Acanthemblemaria crockeri,"Trambollín-cirripedio cachetón, Tubícola cachetón",*
Acanthemblemaria hastingsi,Tubícola Cortez,*
Acanthocybium solandri,"el Guajú, el Peto",*
Acanthurus achilles,"Navajón de Aquiles, Cirujano encendido",*
Acanthurus nigricans,"Cirujano borde dorado, Cirujano coliblanco",*
Acanthurus triostegus,"Cirujano convicto, Cirujano reo",*
Acanthurus xanthopterus,"Cirujano aleta amarilla, Navajón lancero",*
Achirus mazatlanus,"Suela arepita, Lenguado-redondo listado, el Tepalcate",*
Achirus scutum,"Suela alineada, Lenguado-redondo alineado, el Comal",*
Aetobatus laticeps,chucho pintado de California,*
Albula gilberti,Macabí de Cortés,*
Albula pacifica,Macabí de hebra del Pacífico,*
Alectis ciliaris,"Pámpano africano, Pámpano de hebra, Palometón ojo grande",*
Alepocephalus tenebrosus,cabeza-lisa californiana,*
Alloclinus holderi,Trambollo isleño,*
Alopias pelagicus,Tiburón zorro pelágico,*
Alopias superciliosus,Tiburón zorro ojón,*
Alopias vulpinus,"Tiburón zorro común, Tiburón zorro de cola delgada",*
Alphestes immaculatus,"Guaseta cherna, Guaseta del Pacífico Oriental",*
Alphestes multiguttatus,"Guaseta pimienta, Guaseta rayada",*
Aluterus monoceros,Lija barbuda,*
Aluterus scriptus,"Lija tildada, Lija trompa",*
Amblyraja hyperborea,Raya ártica,*
Ammodytoides gilli,"lanzón furtivo, Peón panámico, Lanceta plateada",*
Anarchias galapagensis,"Morena cola dura, Morena menuda",*
Anchoa analis,Anchoa aletona del Pacífico,*
Anchoa argentivittata,"Anchoa de Regan, Anchoa plateada",*
Anchoa curta,"Anchoa chaparra, Anchoa corta",*
Anchoa exigua,"Anchoa exigua, Anchoa fina",*
Anchoa helleri,"Anchoa de Heller, Anchoa del Golfo",*
Anchoa ischana,"Anchoa chicotera, Anchoa trompa aguda",*
Anchoa lucida,"Anchoa bocona, Anchoa ojitos",*
Anchoa mundeola,"Anchoa falsa de Panamá, Anchoa panameña falsa",*
Anchoa mundeoloides,Anchoa golfina,*
Anchoa nasus,Anchoa trompuda,*
Anchoa scofieldi,"Anchoa amarilla, Anchoa de Scofield",*
Anchoa walkeri,"Anchoa de Walker, Anchoa persistente",*
Anchovia macrolepidota,"Anchoa escamas grandes, Anchoveta escamuda",*
Ancylopsetta dendritica,Lenguado tres ojos,*
Anisotremus caesius,"Burro fríjol, Burro mojarra, Burro roncador",*
Anisotremus davidsonii,"Burro piedrero, Sargo rayado",*
Anisotremus interruptus,"Burro bacoco, Vieja ñata, Burro ñato",*
Anisotremus taeniatus,Burro bandera,*
Antennatus strigatus,"Ranisapo jorobado, Ranisapo rabo listado",*
Antimora microlepis,mollera viola,*
Apogon atricaudus,"Cardenal de Revillagigedo, Cardenal sencillo",*
Apogon pacificus,"Cardenal morro listado, Cardenal ojiamarillo, Cardenal rosado",*
Apogon retrosella,"Cardenal de Cortés, Cardenal herido",*
Apristurus kampae,pejegato trompudo,*
Apterichtus equatorialis,"Tieso blanco, Tieso ecuatorial, Tieso sin aletas",*
Arcos erythrops,"Chupapiedra de cantil, Chalaco mejicano",*
Argentina sialis,"Argentina del Pacífico, Argentina del Pacífico Septentrional",*
Ariopsis gilberti,bagre de Cortés,*
Ariopsis guatemalensis,"Cominata azulada, bagre cuatete",*
Ariosoma hemiaspidus,Congrio narigón,*
Arothron hispidus,"Tamboril hawaiano, Botete panza rayada, Botete pintado, Tamboril verde",*
Arothron meleagris,"Botete aletas punteadas, Tamboril de oro, Pez-globo negro, Tamboril negro",*
Aruma histrio,"Gobio lento, Gobio moroso",*
Aseraggodes herrei,"Suela de Herre, Sol reticulado",*
Astroscopus zephyreus,"Miraestrella perro, Miracielo tranquilo",*
Atherinella crystallina,Plateadito del presidio,*
Atherinella eriarcha,Pejerrey plateado,*
Atherinella nepenthe,"Plateadito marino, Pejerrey nepenthe",*
Atherinops affinis,Pejerrey pescadillo,*
Atherinopsis californiensis,Pejerrey mocho,*
Atractoscion nobilis,"Corvinata bronzeada, Corvina cabaicucho",*
Aulopus bajacali,Lagarto del Pacífico oriental,*
Aulostomus chinensis,"Trompetero chino, Pez-trompeta del Pacífico",*
Auxis brachydorax,"Barrilete fragata, la Melva",*
Auxis eudorax,Barrilete melvera,*
Awaous transandeanus,Gobio reticulado,*
Axoclinus nigricaudus,Tres aletas cola negra,*
Axoclinus storeyae,Tres aletas carmín,*
Azurina atrilobata,"Castañeta cola de tijera, Castañeta conguita, Castañuela conguita",*
Bagre panamensis,"bagre chihuil, Cuminate chihuil",*
Bagre pinnimaculatus,"Cuminate alguacil, bagre barbón, Cuminate rojo, Cuminate volador",*
Bairdiella armata,Cholesca armada,*
Bairdiella icistia,"Ronco roncacho, Corvineta ronco",*
Bajacalifornia burragei,cabeza-lisa de mentón agudo,*
Baldwinella eos,Serrano ojón,*
Balistes polylepis,"Pejepuerco coche, el Cochi, Chancho pardo",*
Barbulifer mexicanus,"Gobio alambrón, Gobio-barbudo de Mejico, Gobio-barbudo rayado",*
Barbulifer pantherinus,Gobio-barbudo pantera,*
Bascanichthys panamensis,Tieso Panámico,*
Bathycongrus macrurus,Congrio de cabeza corta,*
Bathycongrus varidens,Congrio de cabeza larga,*
Bathygobius ramosus,"Mapo de pozo, Mapo panámico",*
Bathyraja abyssicola,raya-negra de profundidad,*
Bathyraja microtrachys,Raya de espinas finas,*
Bathyraja spinosissima,raya-blanca pacífica,*
Bathyraja trachura,Raya cola-espinosa,*
Bellator gymnostethus,Cabrilla enana,*
Bellator loxias,Rubio angelito,*
Bellator xenisma,"Vaca doble hocico, Cabrilla vaquita",*
Beringraja binoculata,Raya grande,*
Bodianus diplotaenia,"Vieja de piedra, Vieja mexicana",*
Bodianus pulcher,Vieja de California,*
Bollmannia macropoma,"Gobio ojos grandes, Gobio pedernal",*
Bollmannia marginalis,"Gobio margen manchado, Gobio sellado",*
Bollmannia ocellata,"Gobio ocelado, Gobio penacho",*
Bollmannia stigmatura,Gobio cola manchada,*
Bollmannia umbrosa,"Gobio labio negro, Gobio prieto",*
Bothus leopardinus,Lenguado leopardo del Pacífico,*
Brachygenys californiensis,"Salema pajarilla, la Salema",*
Bregmaceros bathymaster,"Bacalete del Pacífico oriental, Merlucita del Pacífico Oriental",*
Brockius striatus,"Trambollo listado, Trambollo verde",*
Brotula clarkae,Lengua rosada,*
Calamus brachysomus,"Sargo chaveco, Sargo del norte, pluma marotilla",*
Caliraja cortezensis,Raya de Cortés,*
Caliraja inornata,Raya de California,*
Caliraja rhina,Raya narigona,*
Callechelys cliffi,"Tieso-vela aquillado, Tieso aquillado arenero, Tieso-vela punteado",*
Callechelys eristigma,Tieso-vela aquillado de manchas,*
Calotomus carolinus,Pococho perico,*
Cantherhines dumerilii,"Cachúa blanca nieves, Lija coliamarilla, Lija vagabunda",*
Canthidermis maculata,"Calafate áspero, Chancho manchado, Cochito manchado, Gatillo manchado",*
Canthigaster punctatissima,"Botete bonito, Tamboril bonito, Botete enano",*
Caranx caballus,"Jurel bonito, Jurel cojinua",*
Caranx caninus,Jurel toro,*
Caranx lugubris,Jurel negro,*
Caranx melampygus,"Jurel aleta azul, Jurel azul",*
Caranx sexfasciatus,"Jurel ojigordo, Jurel ojón, Jurel voraz",*
Caranx vinctus,"Cocinero común, Jurel platanillo, Jurel rayado",*
Carapus dubius,"Pez-perla común, Perlero del Pacífico",*
Carcharhinus albimarginatus,"Tiburón punta blanca, Tiburón puntas blancas",*
Carcharhinus altimus,"Tiburón baboso, Tiburón narizón",*
Carcharhinus brachyurus,Tiburón cobrizo,*
Carcharhinus cerdale,"Tiburón de cuero duro del Pacífico, Tiburón poroso Pacífico",*
Carcharhinus falciformis,"Tiburón jaquetón, Tiburón piloto",*
Carcharhinus galapagensis,Tiburón de Galápagos,*
Carcharhinus leucas,"Tiburón sarda, Tiburón toro",*
Carcharhinus limbatus,"Tiburón aleta negra, Tiburón macuira, Tiburón volador",*
Carcharhinus longimanus,"Tiburón aleta blanca, Tiburón oceánico",*
Carcharhinus obscurus,"Tiburón arenero, Tiburón gambuso, Tiburón oscuro",*
Carcharodon carcharias,"Jaquetón blanco, Tiburón blanco",*
Cathorops liropus,bagre conguito,*
Caulolatilus affinis,"Blanquillo cabezón, Blanquillo conejo, el Conejo",*
Caulolatilus princeps,"Blanquillo fino, la Pierna",*
Centropomus armatus,"Róbalo armado, Róbalo espina larga",*
Centropomus medius,"Róbalo aleta manchada, Róbalo aleta prieta, Róbalo ojón",*
Centropomus nigrescens,"Róbalo negro, Róbalo redondo",*
Centropomus robalito,"Róbalo de aleta amarilla, el Robalito",*
Centropomus viridis,"Róbalo blanco, Róbalo plateado",*
Cephalopholis colonus,"el Indio, Cuna lucero, la Sandía, Cabinaza serránida",*
Cephalopholis panamensis,"Cabrilla enjambre, Cabrilla panameña",*
Cephaloscyllium ventriosum,"pejegato inflado, Tiburón pejegato globo",*
Cephalurus cephalus,pejegato renacuajo,*
Cetengraulis mysticetus,"Anchoa agallota, Anchoveta bocona, Anchoveta chuchuelo",*
Cetorhinus maximus,Tiburón peregrino,*
Chaenomugil proboscideus,Lisa hocicona,*
Chaenopsis alepidota,"Trambollín-lucio lápiz, Tubícola lucio",*
Chaenopsis coheni,"Trambollín-lucio de Cohen, Tubícola picudo",*
Chaetodipterus zonatus,"el Chambo, Paguala peluquera, pollera rayada, Catecismo rayado",*
Chaetodon humeralis,"Mariposa muñeca, Mariposa triplebanda",*
Chanos chanos,"el Chano, el Sabalote",*
Cheilopogon californicus,"Volador cabecita, Volador de California",*
Cheilopogon dorsomacula,"Volador de dorso manchado, Volador lomo manchado",*
Cheilopogon papilio,Volador mariposa,*
Cheilopogon xenopterus,"Volador gorrión, Volador puntas blancas",*
Cheilotrema saturnum,Corvinata negra,*
Cherublemma emmelas,Brótula negra,*
Chilara taylori,"Congriperla manchada, Congriperla moteada",*
Chiloconger dentatus,"Congrio de labio grueso, Congrio labioso, Congrio nariz corta",*
Chilomycterus reticulatus,"Pez erizo chiquito, Pez erizo enano, Pez erizo manchado",*
Chlopsis apterus,Morena-falsa de hocico rayado,*
Chlopsis kazuko,Morena-falsa de Kazuko,*
Chloroscombrus orqueta,"el Casabe, Jurel citarita, Horqueta del Pacífico, Bonito ojón, la Orqueta, Jurel pardo",*
Chriolepis cuneata,"Gobio carril, Gobio cuña",*
Chriolepis minutilla,"Gobio conchalero, Gobio pardo",*
Chriolepis semisquamata,Gobio furtivo,*
Chriolepis zebra,"Gobio largatija, Gobio salamanquesa",*
Chromis alta,"Castañeta alta, Castañuela de aguas profundas, Damisela de franja blanca, Castañuela gorda, Castañuela oval",*
Chromis limbaughi,"Castañuela de Limbaughi, Castañuela mejicana, Castañeta mexicana",*
Cirrhitichthys oxycephalus,Halcón de coral,*
Cirrhitus rivulatus,"Halcón carabalí, Halcón gigante, Chino mero",*
Cirriemblemaria lucasana,"Trambollín-tubícola plumero, Tubícola plumoso",*
Citharichthys fragilis,"Lenguado del Golfo, Lenguado flaco",*
Citharichthys gilberti,"Lenguado boca grande, Lenguado tapadera",*
Citharichthys gordae,"Lenguado arenero, Lenguado escondido",*
Citharichthys mariajorisae,"Lenguado cinco radios, Lenguado de María Joris",*
Citharichthys platophrys,"Lenguado enano, Lenguado frentón, Lenguado zingua",*
Citharichthys stigmaeus,Lenguado pecoso,*
Citharichthys xanthostigma,Lenguado alón,*
Clarkichthys bilineatus,Gobio-gusano colibandera,*
Cololabis saira,Paparda del Pacífico,*
Colpichthys hubbsi,Pejerrey delta,*
Colpichthys regis,Pejerrey charal,*
Conodon serrifer,Roncador ofensivo,*
Cookeolus japonicus,"Catalufa aleta larga, Catalufa ojona",*
Coralliozetus angelicus,Trambollín-tubícola ángel,*
Coralliozetus boehlkei,"Tubícola cachete rayado, Trambollín-tubícola de Bohlke",*
Coralliozetus micropes,"Tubícola cara de cebra, Trambollín-tubícola rizado",*
Coralliozetus rosenblatti,Trambollín-tubícola espiga,*
Coryphaena equiselis,"Dorado enano, Dorado pámpano",*
Coryphaena hippurus,Dorado común,*
Coryphopterus urospilus,Gobio semáforo,*
Cosmocampus arctus,"Pez-pipa chato, Pez-pipa ñata",*
Crocodilichthys gracilis,"Triple aleta rayada, Lagartija tres aletas",*
Cryptotrema seftoni,Trambollo escondido,*
Ctenogobius manglicola,Gobio de manglar,*
Ctenogobius sagittula,Gobio aguzado,*
Cubiceps pauciradiatus,"Flotador aleta larga, Derivante ojón",*
Cyclopsetta panamensis,"Lenguado boca de Dios, Lenguado panámico, Lenguado sureño",*
Cyclopsetta querna,"Lenguado con caninos, Lenguado dientón",*
Cynoponticus coniceps,"Morenocio bio-bio, Congrio dientudo, Congrio espantoso",*
Cynoscion albus,"Corvina blanca, Corvina chiapaneca",*
Cynoscion nannus,"Corvina de profundidad, Corvinata enana, Corvina enana de altamar",*
Cynoscion othonopterus,"Corvina del Golfo, Corvina golfina",*
Cynoscion parvipinnis,Corvina de aleta corta,*
Cynoscion reticulatus,Corvina rayada,*
Cynoscion squamipinnis,Corvina aguada,*
Cynoscion stolzmanni,"Corvina coliamarilla, Corvina de Stoltzmann",*
Cynoscion xanthulus,"Corvina boca amarilla, Corvina norteña",*
Cypselurus callopterus,"Volador bonito, Volador manchado",*
Dactylagnus mundus,Miraestrellas gigante,*
Dactylagnus parvus,"Miraestrellas de arena enana, Miraestrellas panámica",*
Dactyloscopus amnis,"Miraestrellas de arena estuarina, Miraestrellas ribereña",*
Dactyloscopus byersorum,"Miraestrellas coliranurada, Miracielo de arena de Byers",*
Dactyloscopus elongatus,Miraestrellas esbelta,*
Dactyloscopus fallax,Miraestrellas fisgona falsa,*
Dactyloscopus heraldi,Miraestrellas de Baja,*
Dactyloscopus lunaticus,"Miraestrellas de arena de la luna, Miraestrellas lunática",*
Dactyloscopus pectoralis,Miraestrellas fisgona,*
Dajaus monticola,"Lisa de río, Trucha de tierra caliente, Lisa Tepemechín",*
Decapterus macarellus,"Macarela caballa, Caballa verde",*
Decapterus macrosoma,"Macarela alicorta, Caballa fina",*
Decapterus muroadsi,"Macarela mejicana, Macarela plátano",*
Deckertichthys aureolus,"Palmito dorado, Mojarra palometa",*
Decodon melasma,"Señorita de mancha negra, Vieja manchada, Lorito marcadoos.",*
Dermatolepis dermatolepis,"Mero coriáceo, Mero cuero",*
Diapterus brevirostris,Palmito aleta amarilla,*
Diodon holocanthus,"Pez erizo enmascarado, Pez erizo mapache",*
Diodon hystrix,"Pez erizo espinoso, Pez erizo pecoso",*
Diplectrum eumelum,Menta carabonita,*
Diplectrum euryplectrum,"Camotillo espinudo, Camotillo extranjero",*
Diplectrum labarum,"Camotillo de hebra, Camotillo espinoso",*
Diplectrum macropoma,"Serrano mexicano, Menta rayada",*
Diplectrum maximum,Camotillo de altura,*
Diplectrum pacificum,"Camotillo cabaicucho, Menta del Pacífico",*
Diplectrum rostrum,"Camotillo fino, Serrano frenado, Menta trompamanchada",*
Diplectrum sciurus,Camotillo ardilla,*
Diplobatis ommata,"Raya-eléctrica diana, Raya-eléctrica ocelada",*
Diplospinus multistriatus,Escolar rayado,*
Dormitator latifrons,"Dormilón chame, Dormilón porroco, el Puyeki",*
Dorosoma petenense,"Sábalo de hilo, Sardina maya",*
Doryrhamphus melanopleura,"Pez-pipa chica, Pez-pipa enana",*
Echeneis naucrates,Rémora rayada,*
Echidna nebulosa,Morena estrellada,*
Echidna nocturna,Morena pecosa,*
Echinorhinus cookei,"Tiburón espinoso negro, Tiburón negro espinoso",*
Echiodon exsilium,"Pez-perla delgado, Perlero nocturno",*
Echiophis brunneus,"Tieso colmilludo, Tieso cucharón, Tieso dientudo",*
Ekemblemaria myersi,Trambollín-tubícola de cejas,*
Elacatinus puncticulatus,"Gobio cabeza roja, Gobio testaroja",*
Elagatis bipinnulata,"Macarela cola amarilla, Macarela salmón",*
Elattarchus archidium,Corvina gallinita,*
Eleotris picta,guavina manchada,*
Elops affinis,"Machete del Pacífico Oriental, Pez torpedo",*
Emblemaria hypacanthus,"Trambollín-señalizador flamante, Tubícola flamante",*
Emblemaria walkeri,Tubícola fugaz,*
Encheliophis vermicularis,"Perlero mocho, Pez-perla sin aletas",*
Enchelycore octaviana,"Morena boquiabierta, Morena octaviana, Morena quijada delgada",*
Engraulis mordax,"Anchoa de California, Anchoveta de California, Anchoveta norteña",*
Engyophrys sanctilaurentii,Lenguado cola manchada,*
Enneanectes carminalis,Triple aleta manchada,*
Enneanectes reticulatus,"Tres aletas reticulada, Triple aleta bandera",*
Entomacrodus chiostictus,"Borracho aleta mocha, Cachudito de peña",*
Epinephelus analogus,"Mero moteado, Mero orillero, Cabrilla pintada, Mero punteado",*
Epinephelus clippertonensis,Mero de Clipperton,*
Epinephelus labriformis,"Cabrilla de peña, Cabrilla piedrera, Mero pintado",*
Epinephelus quinquefasciatus,"Mero de profundidad del Pacífico, Mero guasa del Pacífico, Mero ojo chiquito del Pacífico",*
Erotelis armiger,"guavina cabeza plana, Gobio de Armiger",*
Ethadophis byrnei,"Tieso de Cortéz, Tieso ordinario",*
Etropus ciadi,Lenguado de Cortés,*
Etropus crossotus,"Lenguado boca chica, Lenguado ribete",*
Etropus peruvianus,"Lenguado peruano, Lenguado zapatilla",*
Etrumeus acuminatus,Sardina canalera oriental,*
Eucinostomus currani,"Palmito bandera, Mojarra tricolor",*
Eucinostomus dowii,"Mojarra manchita, Palmito plateado",*
Eucinostomus entomelas,"Palmito brillante, Mojarra mancha negra",*
Eucinostomus gracilis,"Mojarra charrita, Mojarra delgada, Palmito fino",*
Eugerres axillaris,Mojarra malacapa,*
Eugerres lineatus,"Mojarra cahuacha, Mojarra china",*
Euleptorhamphus viridis,"Agujeta alargada, Agujeta cinta, Saltador verde",*
Euprepocaranx dorsalis,"Cocinero chicuaca, Jurel de hebra",*
Euthynnus lineatus,Barrilete negro,*
Evermannia longipinnis,"Gobio cabeza grande, Gobio enigmático",*
Evermannia zosterura,"Gobio colirrayada, Gobio de bandas",*
Evorthodus minutus,"Gobio aletas rojas, Gobio pequeño",*
Exocoetus monocirrhus,Volador barbudo,*
Facciolella equatorialis,serpentina bruja,*
Ferdauia orthogrammus,"Jurel isleño, Jurel manchado",*
Fistularia commersonii,"Corneta de arrecife, Pez-corneta pintada",*
Fistularia corneta,Corneta flautera,*
Fodiator rostratus,"Volador mentón picudo, Gorrión picudo",*
Forcipiger flavissimus,"Mariposa hocicona, Mariposa picuda",*
Fowlerichthys avalonis,"Ranisapo antenado, Zanahoria ocelada",*
Galeocerdo cuvier,"Tiburón tigre, Tiburón tintorera",*
Galeorhinus galeus,"Tiburón aceitoso, Tiburón cazón",*
Galeus piperatus,pejegato pimienta,*
Genyatremus dovii,"Burro cotongo, Burro rompepaila",*
Genyonemus lineatus,Roncador blanco,*
Gerres simillimus,"Palmito blanco, Palmito rayado",*
Gillellus arenicola,"Miraestrellas fina, Miraestrellas de arena fina",*
Gillellus ornatus,"Miracielo de arena elaborado, Miraestrellas ornada",*
Gillellus semicinctus,"Miraestrellas de arena estrella lisa, Miraestrellas de arena media franja",*
Gillichthys detrusus,Chupalodo delta,*
Gillichthys mirabilis,Chupalodo grande,*
Gillichthys seta,Chupalodo chico,*
Ginglymostoma unami,Tiburón gata-pacífica,*
Girella simplicidens,Chopa ojo azul,*
Gnathanodon speciosus,"Jurel arenoso, Jurel dorado, Pámpano rayado",*
Gnathophis cinctus,"Congrio cola tiesa, Congrio de Catalina",*
Gobiesox adustus,Chupapiedra panámica,*
Gobiesox funebris,Chupapiedra discofrágil norteña,*
Gobiesox lanceolatus,chupapiedras de cañón,*
Gobiesox papillifer,Chupapiedra barbuda,*
Gobiesox pinniger,Chupapiedra renacuajo,*
Gobiesox schultzi,"Chupapiedra de Schultz, Chupapiedra labioliso",*
Gobiomorus maculatus,"Dormilón escamas grandes, Dormilón manchado",*
Gobionellus microdon,"Gobio cola de palma, Gobio plateado",*
Gobiosoma chiquita,"Gobio chiquito, Gobio puntos negros",*
Gobiosoma nudum,"Gobio bulto, Gobio desnudo",*
Gobiosoma paradoxum,Gobio paradoja,*
Gobiosoma seminudum,"Gobio cienoso, Gobio de intermareas",*
Gobulus crescentalis,Gobio cresciente,*
Gobulus hancocki,Gobio invertido,*
Gorgasia punctata,"Anguila-jardín arenosa, Varga punteada, Congrio punteado",*
Grammonus diagrammus,"Brótula morada, Brótula púrpura",*
Gymneleotris seminuda,"Gobio blanco y negro, Gobio rayado",*
Gymnomuraena zebra,Morena zebra,*
Gymnothorax castaneus,"Morena castaña, Morena prieta, Morena verde panámica",*
Gymnothorax dovii,"Morena pintita, Morena punteada",*
Gymnothorax equatorialis,Morena cola pintada,*
Gymnothorax eurygnathos,Morena boca ancha,*
Gymnothorax panamensis,"Morena de ojo negro, Morena enmascarada, Morena mapache",*
Gymnura crebripunctata,"Raya-mariposa Peruviana, Tuyo Peruviano",*
Gymnura marmorata,"Raya-mariposa californiana, Raya-mariposa de California, Tuyo de California",*
Haemulon flaviguttatum,"Roncador amarillo, Burro de Cortés, Ronco manchado",*
Haemulon maculicauda,"Burro rasposo, Ronco soldadito",*
Haemulon scudderii,"Ronco bacoco, Roncador pecoso",*
Haemulon sexfasciatum,Roncador almejero,*
Haemulon steindachneri,"Ronco chere-chere, Roncador fríjol, Burro latino",*
Haemulopsis axillaris,"Vieja aleta larga, Ronco callana",*
Haemulopsis elongatus,"Ronco alargado, Ronco trompudo",*
Haemulopsis leuciscus,"Ronco chinilla, Ronco ruco",*
Haemulopsis nitida,"Ronco brillante, Ronco espina corta",*
Halichoeres aestuaricola,Señorita de manglar,*
Halichoeres chierchiae,Señorita herida,*
Halichoeres dispilus,"Señorita camaleón, Señorita cocinera, Doncella de San Pedro",*
Halichoeres inornatus,Señorita del Cabo,*
Halichoeres melanotis,"Doncella dorada, Señorita orejona",*
Halichoeres nicholsi,Señorita solterona,*
Halichoeres notospilus,"Señorita de cintas, Señorita listada",*
Halichoeres semicinctus,"Doncella piedrera, Señorita roquera",*
Harengula thrissina,"Sardinita plumilla, Arenque plumita, Sardineta plumita",*
Harriotta raleighana,quimera picuda,*
Hemanthias peruanus,"Cabrilla de Perú, Doncella doble cola",*
Hemanthias signifer,Cabrilla doncella,*
Hemicaranx leucurus,"Jurelito aletiamarilla, Jurelillo amarillo, Jurel arenero, Casabe ñato",*
Hemicaranx zelotes,"Jurelito chocho, Casabe chumbo, Jurelillo negro",*
Hemiramphus saltator,"Agujeta pajarito, Pajarito saltador",*
Herpetoichthys fossatus,"Tieso afuera, Tieso bigotón",*
Heteristius cinctus,Miracielo de arena vendado,*
Heteroconger canabus,"Anguila-jardín barra blanca, Varga de anillos blancos, Congrio del Cabo",*
Heteroconger digueti,"Anguila-jardín cabezona, Congrio de Cortéz, Varga descolorida",*
Heteroconger pellegrini,"Anguila-jardín imitador, Varga imitador, Congrio pecoso",*
Heterodontus francisci,"Tiburón cornudo dormilón, Tiburón puerco",*
Heterodontus mexicanus,"Dormilón búfalo, Cornudo mejicano, Tiburón perro",*
Heteropriacanthus carolinus,Catalufa roquera indo-pacífica,*
Hexanchus griseus,"Tiburón de seis branquias, cañabota gris",*
Hippocampus ingens,Caballito del Pacífico Oriental,*
Hippoglossina bollmani,Lenguado pintado,*
Hippoglossina stomata,"Lenguado bocón, Lenguado manchado",*
Hippoglossina tetrophthalma,Lenguado cuatrojos,*
Hirundichthys marginatus,"Volador ala navaja, Volador aleta blanca, Volador de banda",*
Hirundichthys rondeletii,Volador aleta negra,*
Hirundichthys speculiger,Volador espejo,*
Holacanthus clarionensis,"Muñeca colorada, Ángel de Clarion",*
Holacanthus passer,"Ángel bandera, Muñeca real",*
Hoplopagrus guentherii,"Pargo coconaco, Pargo roquero",*
Hoplunnis pacifica,"serpentina plateada, Congrio plateado",*
Hydrolagus colliei,quimera manchada,*
Hydrolagus melanophasma,quimera negra oriental,*
Hypanus dipterurus,"Raya-látigo batana, Raya-látigo común, Raya-látigo diamante",*
Hypanus longus,"Raya-látigo coluda, Raya-látigo largo",*
Hyporhamphus gilli,"Agujeta choela, Pajarito cholo",*
Hyporhamphus naos,"Saltador blanco, Pajarito blanco del Pacífico, Saltador de Naos",*
Hyporhamphus rosae,Agujeta de California,*
Hyporthodus acanthistius,"la Baqueta, Mero buchón, Mero colorado, Mero rosado",*
Hyporthodus cifuentesi,"Mero gallina, Cherna mantequilla, Mero norteño, Cabrilla verde",*
Hyporthodus niphobles,"Mero gris, Mero manchado, Baqueta ploma",*
Hypsoblennius brevipinnis,"Cachudito pico de lapa, Cachudito vacilón",*
Hypsoblennius gentilis,Cachudito de bahía,*
Hypsoblennius gilberti,Borracho de poza,*
Hypsoblennius jenkinsi,"Cachudito de mejillón, Borracho mejillonero",*
Hypsypops rubicundus,Jaqueta Garibaldi,*
Ichthyapus selachops,"Tieso puntiaguda, Tieso sonriente",*
Ilypnus gilberti,Gobio mejilla manchada,*
Ilypnus luculentus,Gobio brillante,*
Iniistius pavo,"Peine cornudo, Cuchillo pavo-real, Cuchillo pintado",*
Isopisthus altipinnis,Corvina ojona,*
Istiompax indica,Aguja negra,*
Istiophorus platypterus,el Pez-vela,*
Isurus oxyrinchus,"Marrajo dientudo, Tiburón mako",*
Johnrandallia nigrirostris,"Mariposa barbero, Mariposa limón",*
Kajikia audax,Merlín rayado,*
Kathetostoma averruncus,"Miracielo buldog, Miraestrella sapo",*
Katsuwonus pelamis,Barrilete listado,*
Kyphosus azureus,"Chopa azul, Chopa bonita",*
Kyphosus elegans,Chopa de Cortés,*
Kyphosus ocyurus,Chopa salema,*
Kyphosus sectatrix,Chopa de Revillagigedos,*
Kyphosus vaigiensis,Chopa rayada,*
Labrisomus multiporosus,"Trambollo curiche, Trambollo poroso",*
Labrisomus wigginsi,Trambollo de Baja,*
Labrisomus xanti,"Trambollo boca grande, Trambollo bocón, el Chalado",*
Lactoria diaphana,"Cofre espinoso, Torito panzón",*
Lagocephalus lagocephalus,"Botete oceánico, Tamboril oceánico",*
Lampris incognitus,opah ojo chico,*
Larimus acclivis,"Bombache boquinete, Corvina ñata rayada, Cajera rayada",*
Larimus argenteus,"Bombache boquituerta, Boquinete chato, Corvina ñata plateada, Cajera plateada",*
Larimus effulgens,"Boquinete boca de novia, Bombache ñato brillante",*
Larimus pacificus,"Bombache cajeta, Boquinete del Pacífico, Corvina ñata común",*
Lepidopus fitchi,pez-cinta del Pacífico,*
Lepophidium microlepis,Congriperla plateada,*
Lepophidium negropinna,"Congriperla pinta, Congriperla pintada",*
Lepophidium pardale,Congriperla leopardo,*
Lepophidium prorates,Congriperla cornuda,*
Lepophidium stigmatistium,"Congriperla aleta manchada, Congriperla mexicana",*
Letharchus rosenblatti,Tieso-vela negro,*
Leuresthes sardina,Pejerrey sardina,*
Lile nigrofasciata,"Piquitinga franja-negra, Sardinita raya negra",*
Lile stolifera,"Piquitinga pelada, Sardina rayada, Sardinita rayada",*
Liopropoma fasciatum,Menta arcoiris,*
Liopropoma longilepis,Menta aleta escamosa,*
Lobotes pacifica,"Berrugate del Pacífico Oriental, Dormilona del Pacífico Oriental",*
Lonchopisthus sinuscalifornicus,Bocón cola larga,*
Lophiodes caulinaris,rape rabo manchado,*
Lophiodes spilurus,"rape de hebra, rape rabo delgado",*
Lophiomus setigerus,rape bocanegra,*
Lutjanus aratus,"Pargo jilguero, Pargo raicero",*
Lutjanus argentiventris,Pargo amarillo,*
Lutjanus colorado,"Pargo achotillo, Pargo colorado, Pargo rojo",*
Lutjanus guttatus,"Pargo de la mancha, Pargo lunarejo",*
Lutjanus inermis,Pargo rabirubia,*
Lutjanus jordani,"Pargo colmillón, Pargo huachinango, Pargo ñanguero",*
Lutjanus novemfasciatus,"Pargo dientón, Pargo negro, Pargo prieto",*
Lutjanus peru,"Pargo de seda, Huachinango del Pacífico, Pargo gringo",*
Lutjanus viridis,"Pargo azul, Pargo azul dorado",*
Luvarus imperialis,el Emperador,*
Lythrypnus dalli,"Gobio azul rayado, Gobio bonito, Gobio relámpago",*
Lythrypnus pulchellus,Gobio coquetón,*
Makaira nigricans,Merlín azul,*
Malacoctenus ebisui,Trambollo dorado,*
Malacoctenus gigas,"Trambollo de Sonora, Trambollo veteado",*
Malacoctenus hubbsi,"Trambollo panza roja, Trambollo rojo",*
Malacoctenus mexicanus,Trambollo méxicano,*
Malacoctenus polyporosus,Trambollo poroso,*
Malacoctenus tetranemus,"Trambollo moteado, Trambollo pintado",*
Malacoctenus zacae,Trambollo aletamarilla,*
Malacoctenus zonifer,"Trambollo brilloso, Trambollo de pozo",*
Masturus lanceolatus,"Mola cola puntiaguda, Pez-sol cola puntiaguda",*
Medialuna californiensis,Chopa medialuna,*
Melichthys niger,"Calafate negro, Chancho negro, Cochito negro, Pejepuerco negro",*
Membras gilberti,Pejerrey landia,*
Menticirrhus elongatus,"Lambe bocadulce, Zorra fina",*
Menticirrhus nasus,"Zorra llorona, Lambe real",*
Menticirrhus panamensis,"Lambe gurrubata, Zorra panameña",*
Menticirrhus undulatus,"Lambe berrugato, Berrugato californiano",*
Merluccius productus,"Merluza del Pacífico norte, Merluza norteña",*
Microdesmus affinis,"Gobio-gusano cola corta, Pez lombriz oliváceo",*
Microdesmus dipus,Gobio-gusano rayado,*
Microdesmus dorsipunctatus,"Gobio-gusano dorso manchado, Pez lombriz lomo punteado",*
Microdesmus retropinnis,"Pez lombriz aletatrasera, Gobio-gusano doble manchado",*
Microdesmus suttkusi,"Gobio-gusano de Suttkus, Pez lombriz manchado",*
Microgobius brevispinis,"Gobio de Balboa, Gobio espinas cortas",*
Microgobius cyclolepis,Gobio escamas redondas,*
Microgobius emblematicus,"Gobio bandera, Gobio emblema",*
Microgobius erectus,"Gobio arenoso, Gobio chato",*
Microgobius miraflorensis,"Gobio de Miraflores, Gobio jupón",*
Microgobius tabogensis,Gobio de Taboga,*
Microlepidotus brevipinnis,"Ronco bronceado, Ronco chuerca, Corocoro corcovado, Callana dorada",*
Microlepidotus inornatus,"Ronco jopatón, Ronco rayadito",*
Micropogonias altipinnis,"Corvina agria, Corvina alona, Corvina dorada, Chano sureño",*
Microspathodon bairdii,"Jaqueta bocona, Jaqueta vistosa",*
Microspathodon dorsalis,"Castañuela gigante, Jaqueta gigante",*
Mobula birostris,"Manta gigante, la Mantarraya, Manta voladora",*
Mobula mobular,"Manta arpón, Manta de aguijón",*
Mobula munkiana,"Manta chica, Manta de Munk, Manta diabla, Manta enana",*
Mobula tarapacana,Manta cornuda,*
Mobula thurstoni,"Diablo chupasangre, Manta doblada",*
Mola mola,"Mola mola, Pez-sol oceánico",*
Mugil cephalus,"Lisa común, Lisa pardete, Lisa rayada",*
Mugil hospes,"Lisa hospe, Lisa verde",*
Mugil setosus,Lisa liseta,*
Mugil thoburni,"Lisa agugú, Lisa de Thoburni, Lisa labiosa",*
Mulloidichthys dentatus,"Salmonete amarillo, Salmonete barbón",*
Muraena argus,"Morena argos, Morena de pecas blancas",*
Muraena clepsydra,"Morena clepsidra, Morena de ocelo, Morena de piedra",*
Muraena lentiginosa,"Morena joya, Morena pinta",*
Mustelus albipinnis,Musola puntiblanca,*
Mustelus californicus,"Tiburón cazón mamón, Musola gris",*
Mustelus dorsalis,"Musola blanca, Tiburón cazón tripa, Tiburón mamón enano",*
Mustelus henlei,"Tiburón cazón hilacho, Musola parda",*
Mustelus lunulatus,"Tiburón cazón segador, Tiburón mamón común, Musola segadora",*
Mycteroperca jordani,"Mero baya, Garropa del golfo",*
Mycteroperca prionura,"Garropa aserrada, Cabrilla chiruda",*
Mycteroperca rosacea,"Garropa calamaria, Cabrilla sardinera",*
Mycteroperca xenarcha,"Mero brujo, Garropa pintada, Cabrilla plomuda",*
Myliobatis californicus,Tecolote de California,*
Myliobatis longirostris,"Águila picuda, Tecolote picudo",*
Myrichthys aspetocheiros,"Tieso aletón, Tieso de aleta larga",*
Myrichthys xysturus,"Tieso manchado, Tieso tigre",*
Myripristis leiognathus,"Soldado anaranjado, Soldado panámico",*
Myrophis vafer,"Anguila-lombriz común, Serpentón gusano, Tieso lombriz",*
Myxodagnus opercularis,"Miracielo de arena de Gill, Miraestrellas de arena virote",*
Narcetes stomias,cabeza lisa cabeza negra,*
Narcine entemedor,"Raya-eléctrica común, Raya-eléctrica gigante",*
Narcine vermiculata,"Raya eléctrica rayada, Raya-eléctrica vermiculada",*
Nasolamia velox,"Tiburón cazón pico blanco, Tiburón coyotito, Cazón trompa blanca, Tiburón zapato",*
Naucrates ductor,el Pez piloto,*
Negaprion fronto,tiburón del Pacífico,*
Nematistius pectoralis,"el Papagallo, el Pejegallo, el Pejepluma, el Plumero",*
Neobythites stelliferoides,"Brótula de hebra, Congriperla de hebra",*
Neoconger vermiformis,Anguila macarrón,*
Neoniphon suborbitalis,"el Pez-ardilla, Candil sol",*
Neoopisthopterus tropicus,"Sardinela pelada, Arenquilla tropical",*
Nicholsina denticulata,"Pococho beriquete, Pococho de mar",*
Nomeus gronovii,"Derivante fragata portuguesa, Pez hombre-de-la-guerra, Pez medusa",*
Notarius kessleri,"Cominata cabezona bronceada, bagre esculpido",*
Notarius planiceps,"Cominata chomba, bagre chombo",*
Notarius troschelii,"bagre chili, bagre colorado",*
Notorynchus cepedianus,"cañabota gata, Tiburón pinto",*
Novaculichthys taeniourus,"Doncella alguera, Cuchillo dragón, Peine payaso",*
Occidentarius platypogon,"bagre cominate, bagre ojoa, Cominata ojoa",*
Odontaspis ferox,"Tiburón dientes de perro, Tiburón solrayo",*
Ogilbia davidsmithi,Brótula con poros grandes,*
Ogilbia nigromarginata,Brótula con bordes negros,*
Ogilbia nudiceps,Brótula desnuda,*
Ogilbia ventralis,Brótula café rojizo,*
Oligoplites altus,"Cuero amarillo, Piña bocona, Zapatero sierrita",*
Oligoplites inornatus,"Cuero coliamarilla, Zapatero siete cueros",*
Oligoplites refulgens,"Piña flaca, Cuero flaco, Cuero ojoa, Zapatero raspa balsa",*
Ophichthus frontalis,"Tieso funebre, Tieso mortuorio",*
Ophichthus triserialis,"Tieso del Pacífico, Tieso moteado",*
Ophichthus zophochir,Tieso amarillo,*
Ophidion galeoides,"Congriperla adornada, Congriperla dorada, Congriperla estriada",*
Ophidion iris,Congriperla arcoiris,*
Ophioblennius steindachneri,"Borracho mono, Cachudito mono",*
Opisthonema bulleri,"Sardina crinuda azul, Machuelo-hebra del Pacífico, Sardina-gallera fina",*
Opisthonema libertate,"Sardina-gallera común, Sardina crinuda, Arenque de hebra común, Machuelo hebra del Pacífico, Sardina-gallera pecosa, Machuelo hebra pinchagua",*
Opisthonema medirastre,"Machuelo-hebra acemite, Sardina crinuda machete, Sardina-gallera plateada",*
Opisthopterus dovii,"Sardina chata, Arenquilla de Dove, Sardina machete chata",*
Opistognathus brochus,Bocón dientudo,*
Opistognathus fossoris,Bocón rayado,*
Opistognathus punctatus,Bocón punteado,*
Opistognathus rhomaleus,Bocón gigante,*
Opistognathus rosenblatti,"Bocón bicolor, Bocón manchas azules",*
Opistognathus scops,"Bocón de aleta manchada, Bocón ocelado, Bocón ojo de toro",*
Opistognathus walkeri,Bocón bocón,*
Orthopristis cantharina,"Corocoro brin, Teniente de Galápagos",*
Orthopristis chalcea,"Burrito corcovado, Corcovado zapata",*
Orthopristis reddingi,"Corocoro bronceado, Corocoro dorado, Burrito rayado",*
Ostracion meleagris,"Pez-cofre manchado, Cofre moteado",*
Otophidium indefatigabile,"Congriperla cabezona, Congriperla listada, Congriperla mancha café",*
Oxycirrhites typus,Halcón narigón,*
Oxyporhamphus micropterus,"Agujeta aletona, Volador alita, Saltador ñato",*
Paraclinus altivelis,"Trambollito juanete, Trambollito vela alta",*
Paraclinus asper,Trambollo sargaso,*
Paraclinus beebei,"Trambollito clavel, Trambollito de Beebe",*
Paraclinus mexicanus,"Trambollito llorón, Trambollito mexicano",*
Paraclinus sini,Trambollito frondoso,*
Paraclinus tanygnathus,Trambollito adornado,*
Paraconger californiensis,"Congrio anteojos, Congrio blanco, Congrio de aleta negra, Congrio de California",*
Paralabrax auroguttatus,"Cabrilla extranjera, Cabrilla mancha amarilla",*
Paralabrax clathratus,"Cabrilla alguera, Cabrilla sargacera",*
Paralabrax loro,"Cabrilla cachete amarillo, Cabrilla loro, Cabrilla roquera",*
Paralabrax maculatofasciatus,"Cabrilla de roca, Cabrilla pecosa",*
Paralabrax nebulifer,"Cabrilla de arena, Cabrilla verde de arena",*
Paraletharchus pacificus,Tieso-vela del Pacífico,*
Paralichthys aestuarius,Lenguado de Cortés,*
Paralichthys woolmani,Lenguado huarache,*
Paralonchurus goodei,"Cinchada ángel, Corvineta ángel, Lambe rayado",*
Paralonchurus rathbuni,"Lambe barbón, Cinchada de la mancha",*
Parapsettus panamensis,"el Curaca, pollera panameña, el Yambo, la Zapatero",*
Paraselene orstedii,"Jorobado carite, Palometa espejo",*
Pareques species A,"Corvinilla del Pacífico, Payasito gungo",*
Parexocoetus brachypterus,Volador aletón,*
Parmaturus xaniurus,pejegato lima,*
Parrella ginsburgi,"Gobio de Ginsburg, Gobio lunarejo",*
Parrella maxillaris,Gobio veteado,*
Peprilus medius,"Pampanito aleta larga, Palometa cometrapo, Palometa común",*
Peprilus ovatus,Palometa de Cortés,*
Peprilus simillimus,Palometa plateada,*
Peprilus snyderi,"Pampanito aleta corta, Palometa salema",*
Perissias taeniopterus,"Lenguado abanderado, Lenguado estriado",*
Peristedion paucibarbiger,"Vaquita blindada de Cortés, Cocodrilo poca barba",*
Petrotyx hopkinsi,"Brótula hocico terciopelado, Congrio hocico velludillo, Congrio pardo",*
Phaenomonas pinnata,Tieso elástico,*
Phthanophaneron harveyi,"Pez-linterna mejicana, Ojo de linterna panámica",*
Phtheirichthys lineatus,Rémora delgada,*
Physiculus nematopus,"carbonero de fango, Mora de fango",*
Physiculus rastrelliger,carbonero negro,*
Plagiotremus azaleus,"Trambollito diente de sable, Borracho veloz",*
Platax teira,pollera aletona,*
Platybelone pterura,Agujón de quilla,*
Platyrhinoidis triseriata,Guitarra espinuda,*
Pleuronichthys guttulatus,Platija diamante,*
Pleuronichthys ocellatus,Platija ocelada,*
Pleuronichthys ritteri,"Platija moteada, Platija ojos chicos",*
Pleuronichthys verticalis,"Platija cabeza dura, Platija cornuda",*
Pliosteostoma lutipinnis,Arenquilla aleta amarilla,*
Poeciliopsis latidens,"Olomina de dientes anchos, Guatopote del Fuerte",*
Poeciliopsis prolifica,"Guatopote culiche, Olomina prolífica",*
Polydactylus approximans,"Barbudo azul, Bobo blanco, Barbudo de seis barbas",*
Polydactylus opercularis,"Bobo amarillo, Barbudo de nueve barbas",*
Pomacanthus zonipectus,"Ángel de Cortés, Isabelita zopilote",*
Pontinus furcirhinus,"Rascacio richichi, Lapón rojo, Pez-escorpión rojo",*
Pontinus sierra,"Lapón imitador, Rascacio lapón, Lapón manchado",*
Pontinus species A,Puñal rosado,*
Pontinus vaughani,Lapón lomo manchado,*
Porichthys analis,Pez-fraile de luto,*
Porichthys ephippiatus,Pez-fraile ensillado,*
Porichthys margaritatus,"Pez-fraile de oro, Sapo luminoso, Pez-fraile margarita",*
Porichthys mimeticus,Pez-fraile mimético,*
Porichthys myriaster,Pez-fraile de aleta manchada,*
Prionace glauca,Tiburón azul,*
Prionotus albirostris,"Cabro cariblanco, Rubio rey",*
Prionotus birostratus,"Cabro de dos picos, Cabro lapón",*
Prionotus horrens,"Cabro común, Cabro gigante, Rubio polla",*
Prionotus ruscarius,"Cabro áspero, Rubio gallineta, Vaca rasposa",*
Prionotus stephanophrys,Cabro volador,*
Prionurus laticlavius,Navajón barbero,*
Pristigenys serrula,"Rey de pargo, el Ojo-de-plata, Catalufa semáforo",*
Pristis pristis,"Pez sierra común, Pez serrucho dientes grandes, Pez sierra dientes grandes",*
Prognathodes falcifer,"Mariposa norteña de profundidad, Mariposa norteña guadaña",*
Prognichthys sealei,Volador marinero,*
Prognichthys tringa,"Volador panámico, Volador tringa",*
Pronotogrammus multifasciatus,"Serrano baga, Doncella común",*
Protemblemaria bicirrus,Trambollín-tubícola tupido,*
Psenes sio,Flotador dos espinas,*
Pseudobalistes naufragium,"Cochito bota, Chancho con bandas, Pejepuerco de piedra, Chancho fisgón",*
Pseudobatos buthi,Guitarra pala,*
Pseudobatos glaucostigma,Guitarra punteada,*
Pseudobatos leucorhynchus,Guitarra trompa blanca,*
Pseudobatos productus,"Guitarra trompa de pala, Guitarra viola",*
Pseudogramma thaumasia,"Jaboncillo manchado, Jaboncillo ocelado",*
Pseudomyrophis micropinna,"Serpentón enano, Tieso enano",*
Pseudupeneus grandisquamis,"Chivo escamudo, Salmonete gringuito, Salmonete rosado",*
Ptereleotris carinata,"Gobio-dardo del Pacífico, Gobio-dardo panámico",*
Pteroplatytrygon violacea,"Raya-látigo obispo, Raya-látigo violeta",*
Quassiremus nothochir,"Tieso bisagra, Tieso pequeño",*
Quietula guaymasiae,Gobio de Guaymas,*
Quietula y-cauda,Gobio sombreado,*
Ranzania laevis,"Pez-sol delgado, Mola flaca, la Ranzania",*
Regalecus russelii,el pez remo,*
Remora albescens,Rémora blanca,*
Remora australis,Rémora de ballena,*
Remora brachyptera,"Rémora arpón, Rémora robusta",*
Remora osteochir,Rémora de merlín,*
Remora remora,"Rémora negra, Rémora tiburonera",*
Rhencus macracanthus,"Corocoro coche, Ronco espina larga, Roncacho gordo",*
Rhencus panamensis,"Ronco blanco, Ronco jupón, Vieja jupona, Corocoro mapache",*
Rhincodon typus,Tiburón ballena,*
Rhinoptera steindachneri,"chucho dorado, Gavilán dorado",*
Rhizoprionodon longurio,"Tiburón cazón bironche, Cazón picudo del Pacífico",*
Rhonciscus bayanus,"Corocoro boquimorado, Ronco liso",*
Rhonciscus branickii,"Roncacho arenero, Ronco burro, Corocoro carruco, Roncador gallinazo",*
Rhynchoconger nitens,"Congrio coliaguja, Congrio estilete, Congrio trompudo",*
Roncador stearnsii,Roncador aleta manchada,*
Rostroraja equatorialis,"Raya bruja, Raya ecuatorial",*
Rostroraja velezi,"Raya bruja de dos manchas, Raya chillona, Raya de Velez",*
Rypticus bicolor,"Jabonero baboso, Jabonero de Cortés, Jabonero moteado",*
Rypticus nigripinnis,"Jabonero doble punteado, Jabonero negro",*
Sarda chiliensis,"Bonito del Pacífico oriental, Bonito oriental sureño",*
Sarda orientalis,Bonito mono,*
Sardinops sagax,"Sardina de California y Perú, Sardina monterrey",*
Scarus compressus,Loro chato,*
Scarus ghobban,Loro barbazul,*
Scarus perrico,Loro jorobado,*
Scarus rubroviolaceus,"Loro bicolor, Loro violáceo",*
Scomber australasicus,Caballa pintoja,*
Scomber japonicus,"Caballa del Sur, Macarela estornino",*
Scomberomorus concolor,"Carite de Monterey, Sierra golfina",*
Scomberomorus sierra,"Sierra común, Sierra del Pacífico, Macarela sierra",*
Scorpaena afuerae,Rascacio párlamo,*
Scorpaena guttata,Rascacio californiano,*
Scorpaena histrio,"Lapón diablo, Rascacio jugador, Escorpión juguetón",*
Scorpaena mystes,"Lapón escorpión, Lapón roquero",*
Scorpaena russula,Lapón sapo,*
Scorpaena sonorae,Escorpión de Sonora,*
Scorpaenodes xyris,"Rascacio arcoiris, Escorpión enano",*
Scuticaria tigrina,Morena atigrada de arrecifes,*
Scytalichthys miurus,Tieso víbora,*
Sebastes constellatus,Rocote estrellado,*
Sebastes cortezi,Rocote de Cortez,*
Sebastes exsul,Rocote filibustero,*
Sebastes macdonaldi,Rocote mexicano,*
Sebastes sinensis,Rocote boquinegra,*
Sebastes spinorbis,Rocote ojo espinoso,*
Selar crumenophthalmus,"Jurel ojo grande, Charrito ojón",*
Selene brevoortii,"Jorobado antena, Palometa jorobada, Jorobado mexicano",*
Selene peruviana,"Jorobado espejo, Jorobado papelillo, Jorobado peseta, Palometa peseta",*
Seriola dorsalis,medregal raboamarillo,*
Seriola peruana,Hojarán fortuna,*
Seriola rivoliana,"el Bojala, Hojarán común, medregal limón",*
Serranus aequidens,"Serrano de agua profunda, Serrano manchado",*
Serranus huascarii,"Serrano bandera, Serrano peruano",*
Serranus psittacinus,"Serrano guaseta, Serrano rayado",*
Sparus aurata,pluma dorada,*
Sphoeroides annulatus,"Tamboril anillado, Botete diana",*
Sphoeroides lispus,Botete liso,*
Sphoeroides lobatus,"Tumbulero lóbulo, Tamboreta narigón, Botete verrugoso",*
Sphoeroides sechurae,"Tamboril peruano, Tamborín sureño",*
Sphoeroides trichocephalus,"Tamboril cola cóncava, Tamboril enano",*
Sphyraena argentea,Picuda plateada,*
Sphyraena ensis,"Barracuda del Pacífico Oriental, Barracuda mejicana, Barracuda picúa",*
Sphyraena idiastes,Barracuda pelícano,*
Sphyraena lucasana,"Picuda agujona, Barracuda de Cortés",*
Sphyraena qenie,Barracuda aleta negra,*
Sphyrna corona,"Tiburón cornuda blanca, Cornuda coronada",*
Sphyrna lewini,"Cornuda cachona, Tiburón cornuda común",*
Sphyrna media,Tiburón cornuda cuchara,*
Sphyrna mokarran,Tiburón cornuda gigante,*
Sphyrna vespertina,Cornuda de corona,*
Sphyrna zygaena,"Tiburón cornuda prieta, Cornuda cruz",*
Squatina californica,"Tiburón angelote del Pacífico, Pez-ángel del Pacífico",*
Starksia cremnobates,"Trambollito fugaz, Trambollito guarida",*
Starksia grammilaga,"Trambollito estilográfo, Trambollito flanco rayado",*
Starksia hoesei,"Trambollito de Hoese, Trambollito manguera",*
Starksia spinipenis,Trambollito macho,*
Stathmonotus sinuscalifornici,"Trambollo-gusano anguila, Tubícola gusano",*
Stegastes acapulcoensis,"Jaqueta acapulqueña, Castañeta indiga",*
Stegastes flavilatus,"Castañeta azul dorado, Jaqueta dos colores",*
Stegastes leucorus,Castañeta colablanca del Norte,*
Stegastes rectifraenum,"Castañeta azulada, Jaqueta de Cortés",*
Stegastes redemptus,"Castañeta azafranada, Jaqueta azafranada, Jaqueta de Clarion",*
Stellifer fuerthii,Chinita blanca,*
Stellifer illecebrosus,"Chinita negra, Corvinilla plateada",*
Stellifer strabo,"Corvina bizca, China picuda",*
Stellifer wintersteenorum,Corvinilla amigable,*
Stereolepis gigas,"Lubina gigante, la Pescara",*
Stethojulis bandanensis,"Vieja mancha roja, Vieja pintada",*
Strongylura exilis,"Agujón bravo, Agujón californiano, Marao de California",*
Sufflamen verres,"Calafate cochi, Chancho cochino, Cochito naranja",*
Syacium latifrons,Lenguado playero,*
Syacium ovale,"Lenguado ovalado, Lenguado pega-pega",*
Symphurus atramentatus,"Lengüeta de vaca, Lengüeta hua, Lengua mediomanchada, Lengua tintorera",*
Symphurus atricaudus,"Lengua californiana, Lengua de perra",*
Symphurus callopterus,"Lengua chocolate, Lengüeta pluma",*
Symphurus chabanaudi,"Lengua cachete prieto, Lengüeta de cachete negro, Lengua de Chabanaud",*
Symphurus elongatus,"Lengüeta ciego, Lengüeta esbelta, Lengua espirilo, Lengua fina",*
Symphurus fasciolaris,Lengua listada,*
Symphurus gorgonae,"Lengua enana, Lengua gorgonaria",*
Symphurus leeorum,"Lengua colinegra, Lengua de Lee",*
Symphurus melanurus,"Lengua común, Lengüeta lucia",*
Symphurus melasmatotheca,"Lengua tripa negra, Lengua vientreoscura",*
Symphurus oligomerus,"Lengua aleta manchada, Lengua coliblanca",*
Symphurus prolatinaris,"Lengua narigona, Lengua semiestriada, Lengüeta semiestriada",*
Symphurus williamsi,"Lengua amarillenta, Lengua de Williams, Lengüeta de Williams",*
Synchiropus atrilabiatus,"Dragoncito de asta, Gobio-adorno vistoso",*
Syngnathus auliscus,"Pez-pipa anillado, Pez-pipa de esteros",*
Syngnathus carinatus,Pez-pipa de Cortés,*
Synodus evermanni,Lagarto cadena,*
Synodus lacertinus,Lagarto de arrecife,*
Synodus lucioceps,Lagarto lucio,*
Synodus scituliceps,"Chile arpón, Garrobo liguiso, Lagarto picudo",*
Synodus sechurae,Lagarto iguana,*
Talismania bifurcata,talismán brillante,*
Taractichthys steindachneri,Tristón segador,*
Tetrapturus angustirostris,Merlín trompa corta,*
Tetronarce californica,Torpedo del Pacífico,*
Thalassoma grammaticum,"Viejita collareja, Vieja crepúsculo, Vieja verde",*
Thalassoma lucasanum,"Viejita arco iris, Arco iris de Cortés",*
Thalassoma virens,Vieja esmeralda,*
Thunnus alalunga,"la Albacora, Atún blanco, Atún de aleta larga",*
Thunnus albacares,"Atún aleta amarilla, Atún rabil",*
Thunnus orientalis,"Atún aleta azul, Atún cimarrón, Atún común",*
Tigrigobius digueti,Gobio barbero,*
Tigrigobius limbaughi,Gobio insólito,*
Tomicodon boehlkei,"Chupapiedra de Bohlke, Chupapiedra de Cortés, Chalaco manchado",*
Tomicodon eos,Chupapiedra rosada,*
Tomicodon humeralis,"Chupapiedra de Sonora, Chupapiedra lisa",*
Tomicodon myersi,"Chupapiedra de Myers, Chupapiedra raya negra",*
Tomicodon zebra,Chupapiedra cebra,*
Totoaba macdonaldi,"Corvinata totoaba, la Totoaba",*
Trachinotus kennedyi,"Pámpano común, Pámpano gitano, Pámpano toro",*
Trachinotus paitensis,Pámpano paloma,*
Trachinotus rhodopus,"Pámpano fino, el Pampanito",*
Trachurus symmetricus,"Charrito chícharo, Chicharro ojón",*
Triaenodon obesus,"Tiburón cazón coralero trompacorta, Puntiblanco de arrecife",*
Triakis semifasciata,"Tiburón leopardo, Tollo leopardo",*
Trichiurus nitens,pez-sable pacífico,*
Trinectes fonsecensis,"Suela rayada, Lenguado-redondo rayado",*
Tylosurus fodiator,Marao lisero del Pacífico Oriental,*
Tylosurus melanotus,Marao isleño,*
Tylosurus pacificus,"Agujón del Pacífico, Marao ojón",*
Umbrina analis,"Polla espinosa, Verrugata espinuda",*
Umbrina bussingi,"Polla ojona, Verrugato prieto",*
Umbrina dorsalis,Verrugato aleta larga,*
Umbrina roncador,"Berrugata aleta amarilla, Verrugato ronco",*
Umbrina wintersteeni,"Berrugata de Cortés, Verrugato de Wintersteen",*
Umbrina xanti,"Verrugato polla, Polla rayada, Verrugata roncadora",*
Uraspis helvola,Jurel lengua blanca,*
Urobatis concentricus,"Raya-redonda concéntrica, Raya-redonda de arrecife, Raya-redonda mancha en mancha",*
Urobatis halleri,"Raya-redonda común, Raya-redonda de Haller",*
Urobatis maculatus,"Raya-redonda de Cortéz, Raya-redonda manchada",*
Uropterygius macrocephalus,"Morena alfiletera, Morena cabezona",*
Uropterygius polystictus,Morena pintada,*
Uropterygius versutus,"Morena astuta, Morena de dos huecos, Morena lista",*
Urotrygon aspidura,"Raya-redonda narigona, Raya-redonda panámica, Raya-redonda picuda, Raya-redonda rabo espinudo",*
Urotrygon chilensis,"Raya-redonda chilena, Raya-redonda moteada",*
Urotrygon munda,"Raya-redonda áspera, Raya-redondeada munda",*
Urotrygon nana,Raya-redonda enana,*
Urotrygon rogersi,"Raya-redonda de púas, Raya-redonda de Rogers, Raya-redonda espinosa",*
Venefica tentaculata,serpentina hocicona,*
Xanthichthys mento,"Pejepuerco cola roja, Cochito cuadriculado, Chancho lindo",*
Xenichthys xanti,"la Chula, Salema ojona",*
Xenomedea rhodopyga,"Trambollito enmascarado, Trambollito nalga roja",*
Xiphias gladius,Pez espada,*
Xyrichtys mundiceps,"Cuchillo desnudo, Cuchillo viejita",*
Xystreurys liolepis,Lenguado cola de abanico,*
Zalembius rosaceus,"Mojarra rosada, Mojarra vivípara",*
Zalieutes elater,Pez-murciélago ocelado,*
Zanclus cornutus,Ídolo moro,*
Zapteryx exasperata,"Guitarra diablo, Guitarra rayada",*
,,
,,
,,
,,
,,
,,
,,
,,
,,
,,
,,
,,
,,
,,
,,
,,
,,
,,
,,
,,